x0,Iter.,Opt. Point,Opt. Value,Error
"[0.1, 0.1]",13,"[0.5, 0.5]",1.327761429538331,1.429538331043645e-06
"[0.15, 0.15]",13,"[0.4999999976769188, 0.4999999976769188]",1.327761429538331,1.429538331043645e-06
"[0.2, 0.2]",12,"[0.49999999704375175, 0.49999999704375175]",1.327761429538331,1.429538331043645e-06
"[0.25, 0.25]",13,"[0.49999999711279003, 0.49999999711279003]",1.327761429538331,1.429538331043645e-06
"[0.3, 0.3]",12,"[0.49999999529749095, 0.49999999529749095]",1.327761429538331,1.429538331043645e-06
"[0.35, 0.35]",11,"[0.4999999957230034, 0.4999999957230034]",1.327761429538331,1.429538331043645e-06
"[0.45, 0.45]",11,"[0.5, 0.5]",1.327761429538331,1.429538331043645e-06
