x0,Iter.,Opt. Point,Opt. Value,Error
"[0.1, 0.1]",17,"[0.5000000018176698, 0.5000000018176698]",1.327761429538331,1.429538331043645e-06
"[0.15, 0.15]",15,"[0.49999999621657354, 0.49999999621657354]",1.327761429538331,1.429538331043645e-06
"[0.2, 0.2]",16,"[0.4999999977754622, 0.4999999977754622]",1.327761429538331,1.429538331043645e-06
"[0.25, 0.25]",16,"[0.500000001858796, 0.500000001858796]",1.327761429538331,1.429538331043645e-06
"[0.3, 0.3]",15,"[0.4999999980016585, 0.4999999980016585]",1.327761429538331,1.429538331043645e-06
"[0.35, 0.35]",14,"[0.49999999652470356, 0.49999999652470356]",1.327761429538331,1.429538331043645e-06
"[0.45, 0.45]",13,"[0.49999999576997833, 0.49999999576997833]",1.327761429538331,1.429538331043645e-06
