x0,Iter.,Opt. Point,Opt. Value,Error
"[0.1, 0.1]",0,"[0.1, 0.1]",1.366059879051531,0.14141987905153108
"[0.2, 0.2]",0,"[0.2, 0.2]",1.3044401328709063,0.07980013287090637
"[0.3, 0.3]",0,"[0.3, 0.3]",1.26074890702068,0.03610890702068015
"[0.45, 0.51]",10000,"[0.44999999999999224, 0.5099999999999922]",1.225843376154698,0.0012033761546981214
"[0.6, 0.6]",13,"[0.5, 0.5]",1.2246444152109746,4.415210974606509e-06
"[0.7, 0.7]",14,"[0.5, 0.5]",1.2246444152109746,4.415210974606509e-06
"[0.8, 0.8]",14,"[0.5000000046249623, 0.5000000046249623]",1.2246444152109746,4.415210974606509e-06
