x0,Iter.,Opt. Point,Opt. Value,Error
"[0.1, 0.1]",43,"[0.44603380885772276, 0.44603380885772276]",1.227322078650922,0.0026820786509220707
"[0.2, 0.2]",42,"[0.45569609964035934, 0.45569609964035934]",1.2264500174480137,0.0018100174480137898
"[0.3, 0.3]",42,"[0.47154363145471195, 0.47154363145471195]",1.225389786205273,0.0007497862052729953
"[0.45, 0.51]",40,"[0.4933805709183848, 0.5013344655344742]",1.2246654109649788,2.541096497887807e-05
"[0.6, 0.6]",41,"[0.5135849946149532, 0.5135849946149532]",1.2248143500295616,0.00017435002956167622
"[0.7, 0.7]",42,"[0.5284563685452881, 0.5284563685452881]",1.225389786205273,0.0007497862052729953
"[0.8, 0.8]",42,"[0.5443039003596407, 0.5443039003596407]",1.2264500174480137,0.0018100174480137898
