x0,Iter.,Opt. Point,Opt. Value,Error
"[0.3, 0.3]",7,"[0.4999999944013289, 0.4999999944013289]",1.2246444152109746,4.415210974606509e-06
"[0.4, 0.4]",7,"[0.4999999978181346, 0.4999999978181346]",1.2246444152109746,4.415210974606509e-06
"[0.55, 0.55]",7,"[0.5000000010007433, 0.5000000010007433]",1.2246444152109746,4.415210974606509e-06
"[0.6, 0.6]",7,"[0.5000000021818655, 0.5000000021818655]",1.2246444152109746,4.415210974606509e-06
"[0.7, 0.7]",7,"[0.5000000055986711, 0.5000000055986711]",1.2246444152109746,4.415210974606509e-06
"[0.8, 0.8]",7,"[0.5000000100557408, 0.5000000100557408]",1.2246444152109746,4.415210974606509e-06
"[0.9, 0.9]",7,"[0.500000008096007, 0.500000008096007]",1.2246444152109746,4.415210974606509e-06
