x0,Iter.,Opt. Point,Opt. Value,Error
"[0.3, 0.3]",6,"[0.5000000000000937, 0.5000000000000937]",1.2246444152109746,4.415210974606509e-06
"[0.4, 0.4]",6,"[0.5000000000000204, 0.5000000000000204]",1.2246444152109746,4.415210974606509e-06
"[0.55, 0.55]",2,"[0.5000000000000209, 0.5000000000000209]",1.2246444152109746,4.415210974606509e-06
"[0.6, 0.6]",4,"[0.4999999999996483, 0.4999999999996483]",1.2246444152109746,4.415210974606509e-06
"[0.7, 0.7]",6,"[0.49999999999988615, 0.49999999999988615]",1.2246444152109746,4.415210974606509e-06
"[0.8, 0.8]",5,"[0.4999999999999373, 0.4999999999999373]",1.2246444152109746,4.415210974606509e-06
"[0.9, 0.9]",4,"[0.5000000000000894, 0.5000000000000894]",1.2246444152109746,4.415210974606509e-06
