x0,Iter.,Opt. Point,Opt. Value,Error
"[0.1, 0.1]",6,"[0.5, 0.5]",1.327761429538331,1.429538331043645e-06
"[0.15, 0.15]",4,"[0.49999999999827494, 0.49999999999827494]",1.327761429538331,1.429538331043645e-06
"[0.2, 0.2]",4,"[0.5, 0.5]",1.327761429538331,1.429538331043645e-06
"[0.25, 0.25]",4,"[0.5, 0.5]",1.327761429538331,1.429538331043645e-06
"[0.3, 0.3]",3,"[0.49999999999118405, 0.49999999999118405]",1.327761429538331,1.429538331043645e-06
"[0.35, 0.35]",4,"[0.5, 0.5]",1.327761429538331,1.429538331043645e-06
"[0.45, 0.45]",2,"[0.49999999960240177, 0.49999999960240177]",1.327761429538331,1.429538331043645e-06
