x0,Iter.,Opt. Point,Opt. Value,Error
"[0.3, 0.3]",40,"[0.481313236713608, 0.481313236713608]",1.2249659234347843,0.0003259234347843254
"[0.4, 0.4]",38,"[0.4923612243349161, 0.4923612243349161]",1.2246981482308839,5.8148230883903196e-05
"[0.55, 0.55]",37,"[0.5035506278956131, 0.5035506278956131]",1.2246560247519493,1.602475194939501e-05
"[0.6, 0.6]",38,"[0.507638775665084, 0.507638775665084]",1.2246981482308839,5.8148230883903196e-05
"[0.7, 0.7]",40,"[0.518686763286392, 0.518686763286392]",1.2249659234347843,0.0003259234347843254
"[0.8, 0.8]",41,"[0.5319578392130715, 0.5319578392130715]",1.2255843932895147,0.0009443932895147888
"[0.9, 0.9]",40,"[0.5283591867086234, 0.5283591867086234]",1.22538470609322,0.0007447060932199712
