x0,Iter.,Opt. Point,Opt. Value,Error
"[0.1, 0.1]",10000,"[0.09999999999697833, 0.09999999999697833]",1.3660598790537515,0.14141987905375153
"[0.2, 0.2]",10000,"[0.1999999999999902, 0.1999999999999902]",1.3044401328709112,0.07980013287091126
"[0.3, 0.3]",14,"[0.5, 0.5]",1.2246444152109746,4.415210974606509e-06
"[0.45, 0.51]",10000,"[0.44999999999999224, 0.5099999999999922]",1.225843376154698,0.0012033761546981214
"[0.6, 0.6]",13,"[0.5, 0.5]",1.2246444152109746,4.415210974606509e-06
"[0.7, 0.7]",14,"[0.5, 0.5]",1.2246444152109746,4.415210974606509e-06
"[0.8, 0.8]",14,"[0.5000000046249623, 0.5000000046249623]",1.2246444152109746,4.415210974606509e-06
