x0,Iter.,Opt. Point,Opt. Value,Error
"[0.1, 0.1]",0,"[0.1, 0.1]",1.366059879051531,0.14141987905153108
"[0.2, 0.2]",0,"[0.2, 0.2]",1.3044401328709063,0.07980013287090637
"[0.3, 0.3]",0,"[0.3, 0.3]",1.26074890702068,0.03610890702068015
"[0.45, 0.51]",11,"[0.4999999791421882, 0.5000000042935224]",1.2246444152109748,4.415210974828554e-06
"[0.6, 0.6]",13,"[0.5000000009061869, 0.5000000009061869]",1.2246444152109746,4.415210974606509e-06
"[0.7, 0.7]",13,"[0.5000000019603952, 0.5000000019603952]",1.2246444152109746,4.415210974606509e-06
"[0.8, 0.8]",13,"[0.5000000031569957, 0.5000000031569957]",1.2246444152109746,4.415210974606509e-06
