x0,Iter.,Opt. Point,Opt. Value,Error
"[0.1, 0.1]",0,"[0.1, 0.1]",1.366059879051531,0.14141987905153108
"[0.2, 0.2]",0,"[0.2, 0.2]",1.3044401328709063,0.07980013287090637
"[0.3, 0.3]",0,"[0.3, 0.3]",1.26074890702068,0.03610890702068015
"[0.45, 0.51]",47,"[0.4933805709183904, 0.5013344655344731]",1.2246654109649788,2.541096497887807e-05
"[0.6, 0.6]",1,"[0.5271135249509777, 0.5271135249509777]",1.2253211264183284,0.0006811264183284038
"[0.7, 0.7]",1,"[0.5581511222020086, 0.5581511222020086]",1.227752676180375,0.003112676180375029
"[0.8, 0.8]",1,"[0.5921490437752408, 0.5921490437752408]",1.2324281394899668,0.007788139489966817
