x0,Iter.,Opt. Point,Opt. Value,Error
"[0.1, 0.1]",10,"[0.49999999899388886, 0.49999999899388886]",1.327761429538331,1.429538331043645e-06
"[0.15, 0.15]",11,"[0.49999999781132537, 0.49999999781132537]",1.327761429538331,1.429538331043645e-06
"[0.2, 0.2]",10,"[0.499999999064256, 0.499999999064256]",1.327761429538331,1.429538331043645e-06
"[0.25, 0.25]",9,"[0.49999999577141846, 0.49999999577141846]",1.327761429538331,1.429538331043645e-06
"[0.3, 0.3]",9,"[0.49999999904999737, 0.49999999904999737]",1.327761429538331,1.429538331043645e-06
"[0.35, 0.35]",10,"[0.49999999944976825, 0.49999999944976825]",1.327761429538331,1.429538331043645e-06
"[0.45, 0.45]",8,"[0.49999999569315584, 0.49999999569315584]",1.327761429538331,1.429538331043645e-06
