x0,Iter.,Opt. Point,Opt. Value,Error
"[0.1, 0.1]",0,"[0.1, 0.1]",1.7605940360163614,0.4328340360163614
"[0.2, 0.2]",0,"[0.2, 0.2]",1.5401227591978117,0.21236275919781167
"[0.3, 0.3]",0,"[0.3, 0.3]",1.416167554840433,0.08840755484043306
"[0.45, 0.51]",13,"[0.4999999957973009, 0.5000000008612356]",1.327761429538331,1.429538331043645e-06
"[0.6, 0.6]",15,"[0.49999999950520774, 0.49999999950520774]",1.327761429538331,1.429538331043645e-06
"[0.7, 0.7]",15,"[0.5000000019983415, 0.5000000019983415]",1.327761429538331,1.429538331043645e-06
"[0.8, 0.8]",16,"[0.5000000022245378, 0.5000000022245378]",1.327761429538331,1.429538331043645e-06
