x0,Iter.,Opt. Point,Opt. Value,Error
"[0.1, 0.1]",0,"[0.1, 0.1]",1.7605940360163614,0.4328340360163614
"[0.2, 0.2]",0,"[0.2, 0.2]",1.5401227591978117,0.21236275919781167
"[0.3, 0.3]",0,"[0.3, 0.3]",1.416167554840433,0.08840755484043306
"[0.45, 0.51]",10,"[0.4995066284171647, 0.50008733595208]",1.3277616957143614,1.6957143613716141e-06
"[0.6, 0.6]",1,"[0.5291514843233324, 0.5291514843233324]",1.3295649429080882,0.0018049429080881918
"[0.7, 0.7]",1,"[0.5788434594941327, 0.5788434594941327]",1.3410217929747137,0.013261792974713638
"[0.8, 0.8]",1,"[0.631424537101428, 0.631424537101428]",1.3650128305127844,0.037252830512784385
