x0,Iter.,Opt. Point,Opt. Value,Error
"[0.1, 0.1]",0,"[0.1, 0.1]",1.7605940360163614,0.4328340360163614
"[0.2, 0.2]",0,"[0.2, 0.2]",1.5401227591978117,0.21236275919781167
"[0.3, 0.3]",0,"[0.3, 0.3]",1.416167554840433,0.08840755484043306
"[0.45, 0.51]",10000,"[0.44999999999997714, 0.5099999999999769]",1.3305276913850115,0.002767691385011428
"[0.6, 0.6]",11,"[0.5000000042903675, 0.5000000042903675]",1.327761429538331,1.429538331043645e-06
"[0.7, 0.7]",12,"[0.5000000014513917, 0.5000000014513917]",1.327761429538331,1.429538331043645e-06
"[0.8, 0.8]",12,"[0.5000000029562482, 0.5000000029562482]",1.327761429538331,1.429538331043645e-06
