x0,Iter.,Opt. Point,Opt. Value,Error
"[0.1, 0.1]",14,"[0.4999999990352189, 0.4999999990352189]",1.2246444152109746,4.415210974606509e-06
"[0.2, 0.2]",13,"[0.4999999968430044, 0.4999999968430044]",1.2246444152109746,4.415210974606509e-06
"[0.3, 0.3]",13,"[0.4999999980396049, 0.4999999980396049]",1.2246444152109746,4.415210974606509e-06
"[0.45, 0.51]",12,"[0.49999999834993847, 0.5000000003396605]",1.2246444152109746,4.415210974606509e-06
"[0.6, 0.6]",13,"[0.5000000009061869, 0.5000000009061869]",1.2246444152109746,4.415210974606509e-06
"[0.7, 0.7]",13,"[0.5000000019603952, 0.5000000019603952]",1.2246444152109746,4.415210974606509e-06
"[0.8, 0.8]",13,"[0.5000000031569957, 0.5000000031569957]",1.2246444152109746,4.415210974606509e-06
